Symbol,KMeans_K2,KMeans_K4,DBSCAN,Agglomerative_K2,OneClassSVM_nu020,OneClassSVM_consensus
AAVE,0,0,0,0,-1,-1
ADA,0,0,1,0,-1,-1
ATOM,0,0,1,0,1,1
BNB,0,0,0,0,-1,-1
BTC,0,2,-1,0,-1,-1
CRO,0,0,1,0,1,1
DOGE,0,1,-1,0,-1,-1
DOT,0,0,-1,0,-1,-1
EOS,0,0,1,0,-1,-1
ETH,0,0,-1,0,-1,-1
LINK,0,0,1,0,-1,-1
LTC,0,0,1,0,1,1
MIOTA,0,0,1,0,1,1
SOL,0,0,0,0,-1,-1
SYN001,0,1,1,0,1,1
SYN002,0,1,1,0,-1,-1
SYN003,0,0,1,0,1,1
SYN004,0,0,1,0,1,1
SYN005,0,0,1,0,1,1
SYN006,0,0,1,0,1,1
SYN007,0,1,1,0,1,1
SYN008,0,0,1,0,1,1
SYN009,0,1,1,0,-1,-1
SYN010,0,0,1,0,1,1
SYN011,0,1,1,0,1,1
SYN012,0,1,1,0,1,1
SYN013,0,1,1,0,1,1
SYN014,0,1,1,0,1,1
SYN015,0,1,1,0,1,1
SYN016,0,0,1,0,-1,-1
SYN017,0,0,1,0,1,1
SYN018,0,1,1,0,1,1
SYN019,0,1,1,0,1,1
SYN020,0,0,1,0,1,1
SYN021,0,2,2,0,-1,-1
SYN022,0,1,1,0,1,1
SYN023,0,0,1,0,1,1
SYN024,0,1,1,0,1,1
SYN025,0,0,1,0,1,1
SYN026,0,2,-1,0,-1,-1
SYN027,0,1,1,0,1,1
SYN028,0,0,1,0,1,1
SYN029,0,0,1,0,1,1
SYN030,0,1,1,0,1,1
SYN031,0,0,1,0,1,1
SYN032,0,1,1,0,1,1
SYN033,0,1,1,0,1,1
SYN034,0,1,1,0,1,1
SYN035,0,0,1,0,1,1
SYN036,0,1,1,0,1,1
SYN037,0,0,1,0,1,1
SYN038,0,1,1,0,1,1
SYN039,0,1,1,0,1,1
SYN040,0,1,1,0,1,1
SYN041,0,1,1,0,1,1
SYN042,0,0,1,0,1,1
SYN043,0,1,1,0,1,1
SYN044,0,1,1,0,1,1
SYN045,0,0,1,0,1,1
SYN046,0,1,1,0,1,1
SYN047,0,1,1,0,1,1
SYN048,0,0,1,0,1,1
SYN049,0,0,1,0,1,1
SYN050,0,1,1,0,1,1
SYN051,0,1,1,0,1,1
SYN052,0,1,1,0,-1,-1
SYN053,0,1,1,0,1,1
SYN054,0,1,1,0,1,1
SYN055,0,1,1,0,1,1
SYN056,0,0,1,0,1,1
SYN057,0,0,1,0,1,1
SYN058,0,1,1,0,1,1
SYN059,0,1,1,0,1,1
SYN060,0,0,1,0,1,1
SYN061,0,1,1,0,1,1
SYN062,0,2,2,0,-1,-1
SYN063,0,1,1,0,1,1
SYN064,0,0,1,0,1,1
SYN065,0,1,1,0,1,1
SYN066,0,1,1,0,1,1
SYN067,0,0,1,0,1,1
SYN068,0,1,1,0,1,1
SYN069,0,1,1,0,1,1
SYN070,0,1,1,0,1,1
SYN071,0,1,1,0,-1,-1
SYN072,0,0,1,0,1,1
SYN073,0,0,1,0,1,1
SYN074,0,0,1,0,1,1
SYN075,0,1,1,0,1,1
SYN076,0,1,1,0,1,1
SYN077,0,1,1,0,1,1
SYN078,0,2,3,0,-1,-1
SYN079,0,0,1,0,1,1
SYN080,0,1,1,0,1,1
SYN081,0,1,1,0,1,1
SYN082,0,1,1,0,1,1
SYN083,0,0,1,0,1,1
SYN084,0,1,1,0,1,1
SYN085,0,2,2,0,-1,-1
SYN086,0,0,1,0,-1,-1
SYN087,0,1,1,0,-1,-1
SYN088,0,0,1,0,1,1
SYN089,0,1,1,0,1,1
SYN090,0,1,1,0,1,1
SYN091,0,1,1,0,1,1
SYN092,0,1,1,0,1,1
SYN093,0,0,1,0,-1,-1
SYN094,0,2,2,0,-1,-1
SYN095,0,1,1,0,1,1
SYN096,0,1,1,0,1,1
SYN097,0,1,1,0,1,1
SYN098,0,1,1,0,1,1
SYN099,0,1,1,0,1,1
SYN100,0,1,1,0,1,1
SYN101,0,1,1,0,1,1
SYN102,0,1,1,0,1,1
SYN103,0,1,1,0,1,1
SYN104,0,1,1,0,-1,-1
SYN105,0,0,1,0,1,1
SYN106,0,1,1,0,-1,-1
SYN107,0,1,1,0,1,1
SYN108,0,1,1,0,1,1
SYN109,0,1,1,0,1,1
SYN110,0,1,1,0,1,1
SYN111,0,1,1,0,1,1
SYN112,0,1,1,0,-1,-1
SYN113,0,0,1,0,1,1
SYN114,0,0,1,0,1,1
SYN115,0,1,1,0,1,1
SYN116,0,1,1,0,1,1
SYN117,0,0,1,0,-1,-1
SYN118,0,1,1,0,1,1
SYN119,0,1,1,0,1,1
SYN120,0,1,1,0,1,1
SYN121,0,1,1,0,1,1
SYN122,0,0,1,0,1,1
SYN123,0,0,1,0,1,1
SYN124,0,1,1,0,1,1
SYN125,0,1,1,0,1,1
SYN126,0,1,1,0,1,1
SYN127,0,1,1,0,1,1
SYN128,0,2,2,0,-1,-1
SYN129,0,0,1,0,-1,-1
SYN130,0,1,1,0,1,1
SYN131,0,1,1,0,1,1
SYN132,0,1,1,0,1,1
SYN133,0,1,1,0,1,1
SYN134,0,1,1,0,-1,-1
SYN135,0,1,1,0,1,1
SYN136,0,0,1,0,1,1
SYN137,0,0,1,0,1,1
SYN138,0,0,1,0,1,1
SYN139,0,0,1,0,1,1
SYN140,0,0,1,0,1,1
SYN141,0,1,1,0,1,1
SYN142,0,1,1,0,1,1
SYN143,0,0,1,0,1,1
SYN144,0,0,1,0,1,1
SYN145,0,0,1,0,1,1
SYN146,0,1,1,0,1,1
SYN147,0,1,1,0,1,1
SYN148,0,0,1,0,1,1
SYN149,0,0,1,0,1,1
SYN150,0,1,1,0,1,1
SYN151,0,0,1,0,1,1
SYN152,0,1,1,0,1,1
SYN153,0,0,1,0,1,1
SYN154,0,0,1,0,1,1
SYN155,0,1,1,0,1,1
SYN156,0,0,1,0,-1,-1
SYN157,0,1,1,0,1,1
SYN158,0,2,-1,0,-1,-1
SYN159,0,0,1,0,1,1
SYN160,0,1,1,0,1,1
SYN161,0,1,1,0,1,1
SYN162,0,1,1,0,1,1
SYN163,0,0,1,0,1,1
SYN164,0,1,1,0,1,1
SYN165,0,0,1,0,1,1
SYN166,0,1,1,0,-1,-1
SYN167,0,1,1,0,1,1
SYN168,0,1,1,0,1,1
SYN169,0,0,1,0,1,1
SYN170,0,1,1,0,1,1
SYN171,0,1,1,0,1,1
SYN172,0,1,1,0,1,1
SYN173,0,0,1,0,1,1
SYN174,0,1,1,0,1,1
SYN175,0,0,1,0,1,1
SYN176,0,0,1,0,1,1
SYN177,0,1,1,0,1,1
SYN178,0,1,1,0,1,1
SYN179,0,0,1,0,1,1
SYN180,0,1,1,0,1,1
SYN181,0,1,1,0,1,1
SYN182,0,1,1,0,1,1
SYN183,0,0,1,0,1,1
SYN184,0,1,1,0,1,1
SYN185,0,0,1,0,1,1
SYN186,0,0,1,0,1,1
SYN187,0,1,1,0,-1,-1
SYN188,0,1,1,0,1,1
SYN189,0,1,1,0,-1,-1
SYN190,0,1,1,0,1,1
SYN191,0,1,1,0,1,1
SYN192,0,2,2,0,-1,-1
SYN193,0,1,1,0,1,1
SYN194,0,0,1,0,1,1
SYN195,0,0,1,0,1,1
SYN196,0,2,-1,0,-1,-1
SYN197,0,1,1,0,1,1
SYN198,0,0,1,0,1,1
SYN199,0,2,2,0,-1,-1
SYN200,0,1,1,0,1,1
SYN201,0,1,1,0,1,1
SYN202,0,0,1,0,1,1
SYN203,0,1,1,0,1,1
SYN204,0,1,1,0,1,1
SYN205,0,0,1,0,-1,-1
SYN206,0,1,1,0,1,1
SYN207,0,2,3,0,-1,-1
SYN208,0,1,1,0,1,1
SYN209,0,1,1,0,1,1
SYN210,0,0,1,0,1,1
SYN211,0,1,1,0,1,1
SYN212,0,2,2,0,-1,-1
SYN213,0,0,1,0,1,1
SYN214,0,0,1,0,1,1
SYN215,0,1,1,0,1,1
SYN216,0,1,1,0,1,1
SYN217,0,0,1,0,1,1
SYN218,0,1,1,0,1,1
SYN219,0,0,1,0,1,1
SYN220,0,1,1,0,1,1
TRX,0,0,1,0,-1,-1
UNI,0,0,1,0,-1,-1
USDC,0,2,2,0,-1,-1
USDT,0,2,-1,0,-1,-1
WBTC,0,0,1,0,-1,-1
XEM,1,3,-1,1,-1,-1
XLM,0,0,1,0,1,1
XMR,0,0,1,0,1,1
XRP,0,0,1,0,1,1
